{"inputUnits":[34],"outputUnits":6,"inputs":{"0":{"dtype":"number","min":257.6665856031128,"max":393.07675432138404},"1":{"dtype":"number","min":97.83063242871475,"max":327.3935257136126},"2":{"dtype":"number","min":260.55070691535445,"max":394.4682662310767},"3":{"dtype":"number","min":91.15859925978842,"max":323.90764050910445},"4":{"dtype":"number","min":259.1185787215771,"max":390.41465373354663},"5":{"dtype":"number","min":88.63102181876215,"max":323.5835462043258},"6":{"dtype":"number","min":271.88505773878285,"max":395.5131103278134},"7":{"dtype":"number","min":102.87791330062925,"max":318.11447867159717},"8":{"dtype":"number","min":247.40956584767144,"max":370.34226948185193},"9":{"dtype":"number","min":99.68583281401993,"max":318.1293623735005},"10":{"dtype":"number","min":282.6317786428251,"max":403.96412474635974},"11":{"dtype":"number","min":130.46679663750913,"max":315.5552848489368},"12":{"dtype":"number","min":255.25646402678137,"max":392.3566926592519},"13":{"dtype":"number","min":130.4299629894212,"max":318.47821283897076},"14":{"dtype":"number","min":273.0775184482916,"max":448.4795382607308},"15":{"dtype":"number","min":45.019787740150775,"max":359.1297459880666},"16":{"dtype":"number","min":258.5596843081226,"max":374.429925703353},"17":{"dtype":"number","min":48.09467241457929,"max":337.5708423421541},"18":{"dtype":"number","min":262.9565287192972,"max":497.8537094175584},"19":{"dtype":"number","min":13.03240943047787,"max":412.33448904312075},"20":{"dtype":"number","min":212.57850261049975,"max":402.43167387372324},"21":{"dtype":"number","min":12.038778460907096,"max":424.431261589555},"22":{"dtype":"number","min":287.62230008492674,"max":398.98941778487267},"23":{"dtype":"number","min":233.88892593086928,"max":341.7039792546966},"24":{"dtype":"number","min":272.6048308494954,"max":369.2739025071437},"25":{"dtype":"number","min":233.3666166906691,"max":352.2647391590163},"26":{"dtype":"number","min":268.68695685835667,"max":397.70862913317256},"27":{"dtype":"number","min":281.35781729731576,"max":439.610627615962},"28":{"dtype":"number","min":268.9132322318823,"max":376.4120685265686},"29":{"dtype":"number","min":280.011114127905,"max":435.5860492691455},"30":{"dtype":"number","min":258.1255604784776,"max":462.7941704538546},"31":{"dtype":"number","min":326.77655231164124,"max":543.7533771203185},"32":{"dtype":"number","min":265.05830282367157,"max":442.56379005046205},"33":{"dtype":"number","min":314.75068444871715,"max":527.3461082844419}},"outputs":{"0":{"dtype":"string","min":0,"max":1,"uniqueValues":["1","2","3","4","5","6"],"legend":{"1":[1,0,0,0,0,0],"2":[0,1,0,0,0,0],"3":[0,0,1,0,0,0],"4":[0,0,0,1,0,0],"5":[0,0,0,0,1,0],"6":[0,0,0,0,0,1]}}},"isNormalized":true}